;;;;;;;;;;;;;;;;;;;;;;;;;;;;;;;;;;;;;;;;;;;;;;;;;;;;;;;;;;;;;;;;;;;;;;;;;;;;;;;;;;;;;;;;;;;;;;;;;;;;;;;;;;;;;;;;;;;;;;;;;;;;;;;;;;;;;;;;;;;;;;;;;;;;;;;;;;;;;;;;;;;;;;;;;;;;;;;;;;;;;;;;;;;;;;;;;;;;;;;;;;;;;;;;;;;;;;;;;;;;;;;;;;;;;;;;;;;;;;;;;;;;;;;;;;;;;;;
;;;;;;;;;;;;;;;;;;;;;;;;;;;;;;;;;;;;;;;;;;;;;;;;;;;;;;;;;;;;;;;;;;;;;;;;;;;;;;;;;;;;;;;;;;;;;;;;;;;;;;;;;;;;;;;;;;;;;;;;;;;;;;;;;;;;;;;;;;;;;;;;;;;;;;;;;;;;;;;;;;;;;;;;;;;;;;;;;;;;;;;;;;;;;;;;;;;;;;;;;;;;;;;;;;;;;;;;;;;;;;;;;;;;;;;;;;;;;;;;;;;;;;;;;;;;;;;
;;;;;;;;;;;;;;;;;;;;;;;;;;;;;;;;;;;;;;;;;;;;;;;;;;;;;;;;;;;;;;;;;;;;;;;;;;;;;;;;;;;;;;;;;;;;;;;;;;;;;;;;;;;;;;;;;;;;;;;;;;;;;;;;;;;;;;;;;;;;;;;;;;;;;;;;;;;;;;;;;;;;;;;;;;;;;;;;;;;;;;;;;;;;;;;;;;;;;;;;;;;;;;;;;;;;;;;;;;;;;;;;;;;;;;;;;;;;;;;;;;;;;;;;;;;;;;;
;População residente, média anual: total e por sexo;;;Alunos matriculados: total e por nível de ensino;;;;;;;;;;Despesas do Estado em educação: execução orçamental em % do PIB;Doutoramentos realizados em Portugal ou no estrangeiro e reconhecidos por universidades portuguesas: total e por sexo (1970 - 2015);;;Estabelecimentos nos ensinos pré-escolar, básico e secundário privado: total e por nível de ensino;;;;;;;;Estabelecimentos nos ensinos pré-escolar, básico e secundário público: total e por nível de ensino;;;;;;;;;;;;;;;;;;;;;;;;;;;;;;;;;;;;;;;;;;;;;;;;;;;;;;;;;;;;;;;;;;;;;;;;;;;;;;;;;;;;;;;;;;;;;;;;;;;;;;;;;;;;;;;;;;;;;;;;;;;;;;;;;;;;;;;;;;;;;;;;;;;;;;;;;;;;;;;;;;;;;;;;;;;;;;;;;;;;;;;;;;;;;;;;;;;;;;;;;;;;;;;;;;;;;;;;;;;;;;;;;;;;;
;Quantas pessoas existem, homens ou mulheres?;;;Quantos estudantes frequentam o ensino pré-escolar, básico, secundário ou superior?;;;;;;;;;;Quanto gasta, em percentagem do PIB, o Estado em educação?;A quantos homens ou mulheres é conferido o grau de doutor    ?;;;Quantas escolas privadas existem para o pré-escolar, básico ou secundário?;;;;;;;;Quantas escolas públicas há no pré-escolar, básico ou secundário?;;;;;;;;;;;;;;;;;;;;;;;;;;;;;;;;;;;;;;;;;;;;;;;;;;;;;;;;;;;;;;;;;;;;;;;;;;;;;;;;;;;;;;;;;;;;;;;;;;;;;;;;;;;;;;;;;;;;;;;;;;;;;;;;;;;;;;;;;;;;;;;;;;;;;;;;;;;;;;;;;;;;;;;;;;;;;;;;;;;;;;;;;;;;;;;;;;;;;;;;;;;;;;;;;;;;;;;;;;;;;;;;;;;;;
;Indivíduo - Milhares;;;Indivíduo;;;;;;;;;;Rácio - %;Indivíduo;;;Estabelecimento de ensino;;;;;;;;Estabelecimento de ensino;;;;;;;;;;;;;;;;;;;;;;;;;;;;;;;;;;;;;;;;;;;;;;;;;;;;;;;;;;;;;;;;;;;;;;;;;;;;;;;;;;;;;;;;;;;;;;;;;;;;;;;;;;;;;;;;;;;;;;;;;;;;;;;;;;;;;;;;;;;;;;;;;;;;;;;;;;;;;;;;;;;;;;;;;;;;;;;;;;;;;;;;;;;;;;;;;;;;;;;;;;;;;;;;;;;;;;;;;;;;;;;;;;;;;
Anos;Sexo;;;Nível de ensino;;;;;;;;;;Despesas do Estado em educação em % PIB;Sexo;;;Nível de ensino;;;;;;;;Nível de ensino;;;;;;;;;;;;;;;;;;;;;;;;;;;;;;;;;;;;;;;;;;;;;;;;;;;;;;;;;;;;;;;;;;;;;;;;;;;;;;;;;;;;;;;;;;;;;;;;;;;;;;;;;;;;;;;;;;;;;;;;;;;;;;;;;;;;;;;;;;;;;;;;;;;;;;;;;;;;;;;;;;;;;;;;;;;;;;;;;;;;;;;;;;;;;;;;;;;;;;;;;;;;;;;;;;;;;;;;;;;;;;;;;;;;;
;Total;Masculino;Feminino;Total;Educação Pré-Escolar;Ensino Básico;;;;Ensino Secundário;CET;Ensino Médio;Ensino Superior;;Total;Masculino;Feminino;Total;Educação Pré-Escolar;Ensino Básico 1º ciclo;Ensino Básico 2º e 3º ciclos e Secundário;;;;;Total;Educação Pré-Escolar;Ensino Básico 1º ciclo;Ensino Básico 2º e 3º ciclos e Secundário;;;;;;;;;;;;;;;;;;;;;;;;;;;;;;;;;;;;;;;;;;;;;;;;;;;;;;;;;;;;;;;;;;;;;;;;;;;;;;;;;;;;;;;;;;;;;;;;;;;;;;;;;;;;;;;;;;;;;;;;;;;;;;;;;;;;;;;;;;;;;;;;;;;;;;;;;;;;;;;;;;;;;;;;;;;;;;;;;;;;;;;;;;;;;;;;;;;;;;;;;;;;;;;;;;;;;;;;;;;;;;;;;;
;;;;;;Total;1º Ciclo;2º Ciclo;3º Ciclo;;;;;;;;;;;;Total;2º ciclo;3º Ciclo e Secundário;;;;;;Total;2º ciclo;3º Ciclo e Secundário;;;;;;;;;;;;;;;;;;;;;;;;;;;;;;;;;;;;;;;;;;;;;;;;;;;;;;;;;;;;;;;;;;;;;;;;;;;;;;;;;;;;;;;;;;;;;;;;;;;;;;;;;;;;;;;;;;;;;;;;;;;;;;;;;;;;;;;;;;;;;;;;;;;;;;;;;;;;;;;;;;;;;;;;;;;;;;;;;;;;;;;;;;;;;;;;;;;;;;;;;;;;;;;;;;;;;;;;;;;;;;;;
;;;;;;;;;;;;;;;;;;;;;;;Total;3º Ciclo;Secundário;;;;;;Total;3º Ciclo;Secundário;;;;;;;;;;;;;;;;;;;;;;;;;;;;;;;;;;;;;;;;;;;;;;;;;;;;;;;;;;;;;;;;;;;;;;;;;;;;;;;;;;;;;;;;;;;;;;;;;;;;;;;;;;;;;;;;;;;;;;;;;;;;;;;;;;;;;;;;;;;;;;;;;;;;;;;;;;;;;;;;;;;;;;;;;;;;;;;;;;;;;;;;;;;;;;;;;;;;;;;;;;;;;;;;;;;;;;;;;;;;;;
1960; 8 865,0; 4 245,0; 4 620,0;-;-;-;-;-;-;-;-;-;-;-;-;-;-;-;-;-;-;-;-;-;-;-;-;-;-;-;-;-;-;;;;;;;;;;;;;;;;;;;;;;;;;;;;;;;;;;;;;;;;;;;;;;;;;;;;;;;;;;;;;;;;;;;;;;;;;;;;;;;;;;;;;;;;;;;;;;;;;;;;;;;;;;;;;;;;;;;;;;;;;;;;;;;;;;;;;;;;;;;;;;;;;;;;;;;;;;;;;;;;;;;;;;;;;;;;;;;;;;;;;;;;;;;;;;;;;;;;;;;;;;;;;;;;;;;;;;;;;;;;;;
1961; 8 929,0; 4 274,0; 4 655,0;x; 6 528; 1 066 471; 887 235; 78 064; 101 172; 13 116;-;x;x;-;-;-;-;x; 159; 836; 389;x;x;x;x;x;//; 17 250; 256;x;x;x;x;;;;;;;;;;;;;;;;;;;;;;;;;;;;;;;;;;;;;;;;;;;;;;;;;;;;;;;;;;;;;;;;;;;;;;;;;;;;;;;;;;;;;;;;;;;;;;;;;;;;;;;;;;;;;;;;;;;;;;;;;;;;;;;;;;;;;;;;;;;;;;;;;;;;;;;;;;;;;;;;;;;;;;;;;;;;;;;;;;;;;;;;;;;;;;;;;;;;;;;;;;;;;;;;;;;;;;;;;;;;;;
1962; 8 994,0; 4 304,5; 4 689,5;x; 7 030; 1 082 665; 886 820; 83 411; 112 434; 13 858;-;x;x;-;-;-;-;x; 155; 845; 407;x;x;x;x;x;//; 17 357; 335;x;x;x;x;;;;;;;;;;;;;;;;;;;;;;;;;;;;;;;;;;;;;;;;;;;;;;;;;;;;;;;;;;;;;;;;;;;;;;;;;;;;;;;;;;;;;;;;;;;;;;;;;;;;;;;;;;;;;;;;;;;;;;;;;;;;;;;;;;;;;;;;;;;;;;;;;;;;;;;;;;;;;;;;;;;;;;;;;;;;;;;;;;;;;;;;;;;;;;;;;;;;;;;;;;;;;;;;;;;;;;;;;;;;;;
1963; 9 030,5; 4 322,0; 4 708,5;x; 8 039; 1 100 471; 886 519; 89 449; 124 503; 14 857;-;x;x;-;-;-;-;x; 209; 800; 440;x;x;x;x;x;//; 17 388; 384;x;x;x;x;;;;;;;;;;;;;;;;;;;;;;;;;;;;;;;;;;;;;;;;;;;;;;;;;;;;;;;;;;;;;;;;;;;;;;;;;;;;;;;;;;;;;;;;;;;;;;;;;;;;;;;;;;;;;;;;;;;;;;;;;;;;;;;;;;;;;;;;;;;;;;;;;;;;;;;;;;;;;;;;;;;;;;;;;;;;;;;;;;;;;;;;;;;;;;;;;;;;;;;;;;;;;;;;;;;;;;;;;;;;;;
1964; 9 035,5; 4 318,0; 4 717,5;x; 9 411; 1 110 577; 883 039; 91 220; 136 318; 16 920;-;x;x;-;-;-;-;x; 226; 810; 458;x;x;x;x;x;//; 17 238; 337;x;x;x;x;;;;;;;;;;;;;;;;;;;;;;;;;;;;;;;;;;;;;;;;;;;;;;;;;;;;;;;;;;;;;;;;;;;;;;;;;;;;;;;;;;;;;;;;;;;;;;;;;;;;;;;;;;;;;;;;;;;;;;;;;;;;;;;;;;;;;;;;;;;;;;;;;;;;;;;;;;;;;;;;;;;;;;;;;;;;;;;;;;;;;;;;;;;;;;;;;;;;;;;;;;;;;;;;;;;;;;;;;;;;;;
1965; 8 998,5; 4 288,0; 4 710,5;x; 10 350; 1 141 982; 894 195; 101 195; 146 592; 18 540;-;x;x;-;-;-;-;x; 232; 795; 470;x;x;x;x;x;//; 17 120; 374;x;x;x;x;;;;;;;;;;;;;;;;;;;;;;;;;;;;;;;;;;;;;;;;;;;;;;;;;;;;;;;;;;;;;;;;;;;;;;;;;;;;;;;;;;;;;;;;;;;;;;;;;;;;;;;;;;;;;;;;;;;;;;;;;;;;;;;;;;;;;;;;;;;;;;;;;;;;;;;;;;;;;;;;;;;;;;;;;;;;;;;;;;;;;;;;;;;;;;;;;;;;;;;;;;;;;;;;;;;;;;;;;;;;;;
1966; 8 931,0; 4 247,5; 4 683,5;x; 11 271; 1 152 799; 892 603; 107 765; 152 431; 19 901;-;x;x;-;-;-;-;x; 240; 792; 550;x;x;x;x;x;//; 16 739; 406;x;x;x;x;;;;;;;;;;;;;;;;;;;;;;;;;;;;;;;;;;;;;;;;;;;;;;;;;;;;;;;;;;;;;;;;;;;;;;;;;;;;;;;;;;;;;;;;;;;;;;;;;;;;;;;;;;;;;;;;;;;;;;;;;;;;;;;;;;;;;;;;;;;;;;;;;;;;;;;;;;;;;;;;;;;;;;;;;;;;;;;;;;;;;;;;;;;;;;;;;;;;;;;;;;;;;;;;;;;;;;;;;;;;;;
1967; 8 875,0; 4 224,5; 4 650,5;x; 12 417; 1 165 415; 891 082; 119 357; 154 976; 21 406;-;x;x;-;-;-;-;x; 249; 776; 674;x;x;x;x;x;//; 16 454; 361;x;x;x;x;;;;;;;;;;;;;;;;;;;;;;;;;;;;;;;;;;;;;;;;;;;;;;;;;;;;;;;;;;;;;;;;;;;;;;;;;;;;;;;;;;;;;;;;;;;;;;;;;;;;;;;;;;;;;;;;;;;;;;;;;;;;;;;;;;;;;;;;;;;;;;;;;;;;;;;;;;;;;;;;;;;;;;;;;;;;;;;;;;;;;;;;;;;;;;;;;;;;;;;;;;;;;;;;;;;;;;;;;;;;;;
1968; 8 837,0; 4 223,5; 4 613,5;x; 13 548; 1 182 345; 888 789; 133 839; 159 717; 21 736;-;x;x;-;-;-;-;x; 264; 752; 911;x;x;x;x;x;//; 16 323; 356;x;x;x;x;;;;;;;;;;;;;;;;;;;;;;;;;;;;;;;;;;;;;;;;;;;;;;;;;;;;;;;;;;;;;;;;;;;;;;;;;;;;;;;;;;;;;;;;;;;;;;;;;;;;;;;;;;;;;;;;;;;;;;;;;;;;;;;;;;;;;;;;;;;;;;;;;;;;;;;;;;;;;;;;;;;;;;;;;;;;;;;;;;;;;;;;;;;;;;;;;;;;;;;;;;;;;;;;;;;;;;;;;;;;;;
1969; 8 758,0; 4 191,0; 4 567,0;x; 14 536; 1 262 285; 930 821; 163 358; 168 106; 23 939;-;x;x;-;-;-;-;x; 274; 750; 1 415; 951; 464;x;x;x;//; 16 401; 448; 128; 320;x;x;;;;;;;;;;;;;;;;;;;;;;;;;;;;;;;;;;;;;;;;;;;;;;;;;;;;;;;;;;;;;;;;;;;;;;;;;;;;;;;;;;;;;;;;;;;;;;;;;;;;;;;;;;;;;;;;;;;;;;;;;;;;;;;;;;;;;;;;;;;;;;;;;;;;;;;;;;;;;;;;;;;;;;;;;;;;;;;;;;;;;;;;;;;;;;;;;;;;;;;;;;;;;;;;;;;;;;;;;;;;;;
1970; 8 680,6; 4 133,7; 4 546,9;x; 15 153; 1 316 279; 935 453; 193 912; 186 914; 27 028;-;x;x;-; 60; 56; 4;x; 289; 751; 1 437; 1 025; 412;x;x;x;//; 16 439; 401; 139; 262;x;x;;;;;;;;;;;;;;;;;;;;;;;;;;;;;;;;;;;;;;;;;;;;;;;;;;;;;;;;;;;;;;;;;;;;;;;;;;;;;;;;;;;;;;;;;;;;;;;;;;;;;;;;;;;;;;;;;;;;;;;;;;;;;;;;;;;;;;;;;;;;;;;;;;;;;;;;;;;;;;;;;;;;;;;;;;;;;;;;;;;;;;;;;;;;;;;;;;;;;;;;;;;;;;;;;;;;;;;;;;;;;;
1971; 8 643,8; 4 093,6; 4 550,1;x; 17 135; 1 347 887; 930 294; 216 788; 200 805; 31 994;-;x;x;-; 78; 69; 9;x; 317; 734; 1 355; 948; 407;x;x;x;//; 16 284; 478; 202; 276;x;x;;;;;;;;;;;;;;;;;;;;;;;;;;;;;;;;;;;;;;;;;;;;;;;;;;;;;;;;;;;;;;;;;;;;;;;;;;;;;;;;;;;;;;;;;;;;;;;;;;;;;;;;;;;;;;;;;;;;;;;;;;;;;;;;;;;;;;;;;;;;;;;;;;;;;;;;;;;;;;;;;;;;;;;;;;;;;;;;;;;;;;;;;;;;;;;;;;;;;;;;;;;;;;;;;;;;;;;;;;;;;;
1972; 8 630,4; 4 079,0; 4 551,5;x; 18 687; 1 378 582; 930 233; 231 543; 216 806; 33 802;-;x;x; 1,4; 64; 52; 12;x; 346; 743; 1 219; 796; 423;x;x;x;//; 15 843; 616; 339; 277;x;x;;;;;;;;;;;;;;;;;;;;;;;;;;;;;;;;;;;;;;;;;;;;;;;;;;;;;;;;;;;;;;;;;;;;;;;;;;;;;;;;;;;;;;;;;;;;;;;;;;;;;;;;;;;;;;;;;;;;;;;;;;;;;;;;;;;;;;;;;;;;;;;;;;;;;;;;;;;;;;;;;;;;;;;;;;;;;;;;;;;;;;;;;;;;;;;;;;;;;;;;;;;;;;;;;;;;;;;;;;;;;;
1973; 8 633,1; 4 070,5; 4 562,6;x; 18 964; 1 412 768; 922 806; 249 702; 240 260; 40 303;-;x;x; 1,3; 60; 52; 8;x; 340; 719; 902; 540; 362;x;x;x;//; 15 687; 889; 600; 289;x;x;;;;;;;;;;;;;;;;;;;;;;;;;;;;;;;;;;;;;;;;;;;;;;;;;;;;;;;;;;;;;;;;;;;;;;;;;;;;;;;;;;;;;;;;;;;;;;;;;;;;;;;;;;;;;;;;;;;;;;;;;;;;;;;;;;;;;;;;;;;;;;;;;;;;;;;;;;;;;;;;;;;;;;;;;;;;;;;;;;;;;;;;;;;;;;;;;;;;;;;;;;;;;;;;;;;;;;;;;;;;;;
1974; 8 754,4; 4 129,7; 4 624,7;x; 41 080; 1 444 883; 919 026; 268 883; 256 974; 43 653;-;x;x; 1,3; 87; 76; 11;x; 652; 682; 710; 374; 336;x;x;x; 54; 15 363; 1 287; 969; 318;x;x;;;;;;;;;;;;;;;;;;;;;;;;;;;;;;;;;;;;;;;;;;;;;;;;;;;;;;;;;;;;;;;;;;;;;;;;;;;;;;;;;;;;;;;;;;;;;;;;;;;;;;;;;;;;;;;;;;;;;;;;;;;;;;;;;;;;;;;;;;;;;;;;;;;;;;;;;;;;;;;;;;;;;;;;;;;;;;;;;;;;;;;;;;;;;;;;;;;;;;;;;;;;;;;;;;;;;;;;;;;;;;
1975; 9 093,5; 4 314,8; 4 778,6;x; 42 490; 1 466 815; 918 519; 260 681; 287 615; 67 853;-;x;x; 2,1; 86; 66; 20;x; 634; 666; 657; 316; 341;x;x;x; 51; 13 990; 1 488; 1 175; 313;x;x;;;;;;;;;;;;;;;;;;;;;;;;;;;;;;;;;;;;;;;;;;;;;;;;;;;;;;;;;;;;;;;;;;;;;;;;;;;;;;;;;;;;;;;;;;;;;;;;;;;;;;;;;;;;;;;;;;;;;;;;;;;;;;;;;;;;;;;;;;;;;;;;;;;;;;;;;;;;;;;;;;;;;;;;;;;;;;;;;;;;;;;;;;;;;;;;;;;;;;;;;;;;;;;;;;;;;;;;;;;;;;
1976; 9 355,8; 4 459,6; 4 896,3;x; 44 832; 1 519 725; 909 014; 295 553; 315 158; 86 379;-;x;x; 2,2; 65; 48; 17;x; 626; 605; 530; 248; 282;x;x;x; 53; 10 388; 1 629; 1 279; 350;x;x;;;;;;;;;;;;;;;;;;;;;;;;;;;;;;;;;;;;;;;;;;;;;;;;;;;;;;;;;;;;;;;;;;;;;;;;;;;;;;;;;;;;;;;;;;;;;;;;;;;;;;;;;;;;;;;;;;;;;;;;;;;;;;;;;;;;;;;;;;;;;;;;;;;;;;;;;;;;;;;;;;;;;;;;;;;;;;;;;;;;;;;;;;;;;;;;;;;;;;;;;;;;;;;;;;;;;;;;;;;;;;
1977; 9 455,7; 4 518,4; 4 937,3;x; 61 868; 1 533 351; 903 047; 301 575; 328 729; 99 556;-;x;x; 3,0; 103; 78; 25;x; 827; 644; 535; 248; 287;x;x;x; 109; 10 134; 1 731; 1 379; 352;x;x;;;;;;;;;;;;;;;;;;;;;;;;;;;;;;;;;;;;;;;;;;;;;;;;;;;;;;;;;;;;;;;;;;;;;;;;;;;;;;;;;;;;;;;;;;;;;;;;;;;;;;;;;;;;;;;;;;;;;;;;;;;;;;;;;;;;;;;;;;;;;;;;;;;;;;;;;;;;;;;;;;;;;;;;;;;;;;;;;;;;;;;;;;;;;;;;;;;;;;;;;;;;;;;;;;;;;;;;;;;;;;
1978; 9 558,3; 4 579,1; 4 979,2; 1 848 646; 64 739; 1 560 791; 921 013; 299 110; 340 668; 133 406;-; 8 128; 81 582; 2,9; 61; 51; 10;x;x; 627;x; 238;x;x;x;x;x; 10 063;x; 1 527;x;x;x;;;;;;;;;;;;;;;;;;;;;;;;;;;;;;;;;;;;;;;;;;;;;;;;;;;;;;;;;;;;;;;;;;;;;;;;;;;;;;;;;;;;;;;;;;;;;;;;;;;;;;;;;;;;;;;;;;;;;;;;;;;;;;;;;;;;;;;;;;;;;;;;;;;;;;;;;;;;;;;;;;;;;;;;;;;;;;;;;;;;;;;;;;;;;;;;;;;;;;;;;;;;;;;;;;;;;;;;;;;;;;
1979; 9 661,3; 4 639,9; 5 021,3; 1 846 974; 69 126; 1 547 467; 928 278; 309 632; 309 557; 145 260;-; 5 685; 79 436; 2,7; 105; 80; 25;x;x; 595;x; 226;x; 181;x;x;x; 9 790;x; 1 552;x; 289;x;;;;;;;;;;;;;;;;;;;;;;;;;;;;;;;;;;;;;;;;;;;;;;;;;;;;;;;;;;;;;;;;;;;;;;;;;;;;;;;;;;;;;;;;;;;;;;;;;;;;;;;;;;;;;;;;;;;;;;;;;;;;;;;;;;;;;;;;;;;;;;;;;;;;;;;;;;;;;;;;;;;;;;;;;;;;;;;;;;;;;;;;;;;;;;;;;;;;;;;;;;;;;;;;;;;;;;;;;;;;;;
1980; 9 766,3; 4 700,7; 5 065,6; 1 873 559; 80 373; 1 538 389; 927 852; 305 659; 304 878; 169 516;-; 4 362; 80 919; 3,1; 116; 77; 39;x;x; 602;x; 230;x; 193;x;x;x; 9 739;x; 1 649;x; 296;x;;;;;;;;;;;;;;;;;;;;;;;;;;;;;;;;;;;;;;;;;;;;;;;;;;;;;;;;;;;;;;;;;;;;;;;;;;;;;;;;;;;;;;;;;;;;;;;;;;;;;;;;;;;;;;;;;;;;;;;;;;;;;;;;;;;;;;;;;;;;;;;;;;;;;;;;;;;;;;;;;;;;;;;;;;;;;;;;;;;;;;;;;;;;;;;;;;;;;;;;;;;;;;;;;;;;;;;;;;;;;;
1981; 9 851,3; 4 746,8; 5 104,5; 1 938 808; 100 178; 1 574 568; 946 291; 322 431; 305 846; 176 084;-; 4 224; 83 754; 3,2; 112; 79; 33;x;x; 607;x; 232;x; 185;x;x;x; 9 968;x; 1 653;x; 301;x;;;;;;;;;;;;;;;;;;;;;;;;;;;;;;;;;;;;;;;;;;;;;;;;;;;;;;;;;;;;;;;;;;;;;;;;;;;;;;;;;;;;;;;;;;;;;;;;;;;;;;;;;;;;;;;;;;;;;;;;;;;;;;;;;;;;;;;;;;;;;;;;;;;;;;;;;;;;;;;;;;;;;;;;;;;;;;;;;;;;;;;;;;;;;;;;;;;;;;;;;;;;;;;;;;;;;;;;;;;;;;
1982; 9 911,8; 4 777,1; 5 134,7; 1 958 285; 112 412; 1 583 910; 937 638; 354 541; 291 731; 170 428;-; 4 746; 86 789; 3,3; 130; 95; 35;x;x; 617;x; 236;x; 186;x;x;x; 10 594;x; 1 680;x; 310;x;;;;;;;;;;;;;;;;;;;;;;;;;;;;;;;;;;;;;;;;;;;;;;;;;;;;;;;;;;;;;;;;;;;;;;;;;;;;;;;;;;;;;;;;;;;;;;;;;;;;;;;;;;;;;;;;;;;;;;;;;;;;;;;;;;;;;;;;;;;;;;;;;;;;;;;;;;;;;;;;;;;;;;;;;;;;;;;;;;;;;;;;;;;;;;;;;;;;;;;;;;;;;;;;;;;;;;;;;;;;;;
1983; 9 957,9; 4 800,6; 5 157,3; 2 014 535; 114 640; 1 617 450; 931 514; 374 210; 311 726; 187 758;-; 5 377; 89 310; 3,2; 177; 126; 51;x;x; 655;x; 238;x; 187;x;x;x; 10 501;x; 1 675;x; 312;x;;;;;;;;;;;;;;;;;;;;;;;;;;;;;;;;;;;;;;;;;;;;;;;;;;;;;;;;;;;;;;;;;;;;;;;;;;;;;;;;;;;;;;;;;;;;;;;;;;;;;;;;;;;;;;;;;;;;;;;;;;;;;;;;;;;;;;;;;;;;;;;;;;;;;;;;;;;;;;;;;;;;;;;;;;;;;;;;;;;;;;;;;;;;;;;;;;;;;;;;;;;;;;;;;;;;;;;;;;;;;;
1984; 9 996,2; 4 820,2; 5 176,0; 2 026 280; 117 859; 1 615 312; 923 079; 371 580; 320 653; 191 220;-; 6 756; 95 133; 3,1; 214; 145; 69;x;x; 653;x; 243;x; 186;x;x;x; 10 515;x; 1 700;x; 497;x;;;;;;;;;;;;;;;;;;;;;;;;;;;;;;;;;;;;;;;;;;;;;;;;;;;;;;;;;;;;;;;;;;;;;;;;;;;;;;;;;;;;;;;;;;;;;;;;;;;;;;;;;;;;;;;;;;;;;;;;;;;;;;;;;;;;;;;;;;;;;;;;;;;;;;;;;;;;;;;;;;;;;;;;;;;;;;;;;;;;;;;;;;;;;;;;;;;;;;;;;;;;;;;;;;;;;;;;;;;;;;
1985; 10 023,6; 4 834,0; 5 189,7; 2 068 627; 116 325; 1 636 458; 899 311; 381 766; 355 381; 206 149;-; 7 550; 102 145; 3,1; 207; 151; 56;x;x; 668;x; 234;x; 186;x;x;x; 10 448;x; 1 684;x; 497;x;;;;;;;;;;;;;;;;;;;;;;;;;;;;;;;;;;;;;;;;;;;;;;;;;;;;;;;;;;;;;;;;;;;;;;;;;;;;;;;;;;;;;;;;;;;;;;;;;;;;;;;;;;;;;;;;;;;;;;;;;;;;;;;;;;;;;;;;;;;;;;;;;;;;;;;;;;;;;;;;;;;;;;;;;;;;;;;;;;;;;;;;;;;;;;;;;;;;;;;;;;;;;;;;;;;;;;;;;;;;;;
1986; 10 032,7; 4 838,5; 5 194,3; 2 103 398; 128 089; 1 639 405; 874 262; 388 994; 376 149; 221 951;-; 7 737; 106 216; 3,3; 216; 146; 70;x;x; 667;x; 233;x; 186;x;x;x; 10 466;x; 1 658;x; 497;x;;;;;;;;;;;;;;;;;;;;;;;;;;;;;;;;;;;;;;;;;;;;;;;;;;;;;;;;;;;;;;;;;;;;;;;;;;;;;;;;;;;;;;;;;;;;;;;;;;;;;;;;;;;;;;;;;;;;;;;;;;;;;;;;;;;;;;;;;;;;;;;;;;;;;;;;;;;;;;;;;;;;;;;;;;;;;;;;;;;;;;;;;;;;;;;;;;;;;;;;;;;;;;;;;;;;;;;;;;;;;;
1987; 10 030,0; 4 837,1; 5 192,9; 2 111 013; 137 869; 1 606 932; 839 229; 395 064; 372 639; 243 028;-; 6 056; 117 128; 3,4; 274; 179; 95;x;x; 568;x; 267;x; 196;x;x;x; 10 165;x; 1 598;x; 556;x;;;;;;;;;;;;;;;;;;;;;;;;;;;;;;;;;;;;;;;;;;;;;;;;;;;;;;;;;;;;;;;;;;;;;;;;;;;;;;;;;;;;;;;;;;;;;;;;;;;;;;;;;;;;;;;;;;;;;;;;;;;;;;;;;;;;;;;;;;;;;;;;;;;;;;;;;;;;;;;;;;;;;;;;;;;;;;;;;;;;;;;;;;;;;;;;;;;;;;;;;;;;;;;;;;;;;;;;;;;;;;
1988; 10 019,6; 4 831,8; 5 187,8; 2 135 474; 148 348; 1 583 661; 791 418; 394 536; 397 707; 276 405;-; 3 553; 123 507; 3,6; 275; 175; 100;x;x; 639;x; 256;x; 214;x;x;x; 10 140;x; 1 448;x; 697;x;;;;;;;;;;;;;;;;;;;;;;;;;;;;;;;;;;;;;;;;;;;;;;;;;;;;;;;;;;;;;;;;;;;;;;;;;;;;;;;;;;;;;;;;;;;;;;;;;;;;;;;;;;;;;;;;;;;;;;;;;;;;;;;;;;;;;;;;;;;;;;;;;;;;;;;;;;;;;;;;;;;;;;;;;;;;;;;;;;;;;;;;;;;;;;;;;;;;;;;;;;;;;;;;;;;;;;;;;;;;;;
1989; 10 005,0; 4 824,1; 5 180,9; 2 123 589; 155 857; 1 555 573; 753 649; 372 450; 429 474; 276 222;-;//; 135 937; 3,7; 341; 217; 124;x;x; 746;x; 329;x; 205;x;x;x; 10 099;x; 1 500;x; 733;x;;;;;;;;;;;;;;;;;;;;;;;;;;;;;;;;;;;;;;;;;;;;;;;;;;;;;;;;;;;;;;;;;;;;;;;;;;;;;;;;;;;;;;;;;;;;;;;;;;;;;;;;;;;;;;;;;;;;;;;;;;;;;;;;;;;;;;;;;;;;;;;;;;;;;;;;;;;;;;;;;;;;;;;;;;;;;;;;;;;;;;;;;;;;;;;;;;;;;;;;;;;;;;;;;;;;;;;;;;;;;;
1990; 9 983,2; 4 812,9; 5 170,3; 2 160 180; 161 629; 1 531 114; 715 881; 370 607; 444 626; 309 568;-;//; 157 869; 3,7; 337; 210; 127;x;x; 685;x; 253;x; 200;x;x;x; 10 038;x; 1 467;x; 750;x;;;;;;;;;;;;;;;;;;;;;;;;;;;;;;;;;;;;;;;;;;;;;;;;;;;;;;;;;;;;;;;;;;;;;;;;;;;;;;;;;;;;;;;;;;;;;;;;;;;;;;;;;;;;;;;;;;;;;;;;;;;;;;;;;;;;;;;;;;;;;;;;;;;;;;;;;;;;;;;;;;;;;;;;;;;;;;;;;;;;;;;;;;;;;;;;;;;;;;;;;;;;;;;;;;;;;;;;;;;;;;
1991; 9 960,2; 4 800,9; 5 159,4; 2 190 499; 171 552; 1 484 256; 669 525; 356 420; 458 311; 347 911;-;//; 186 780; 4,2; 319; 207; 112;x;x; 509;x; 250;x; 198;x;x;x; 9 896;x; 1 436;x; 733;x;;;;;;;;;;;;;;;;;;;;;;;;;;;;;;;;;;;;;;;;;;;;;;;;;;;;;;;;;;;;;;;;;;;;;;;;;;;;;;;;;;;;;;;;;;;;;;;;;;;;;;;;;;;;;;;;;;;;;;;;;;;;;;;;;;;;;;;;;;;;;;;;;;;;;;;;;;;;;;;;;;;;;;;;;;;;;;;;;;;;;;;;;;;;;;;;;;;;;;;;;;;;;;;;;;;;;;;;;;;;;;
1992; 9 952,5; 4 795,6; 5 156,9; 2 305 584; 176 822; 1 509 182; 658 305; 354 631; 496 246; 401 263;-;//; 218 317; 4,5; 351; 233; 118;x; 1 990; 778; 841; 274; 567; 238; 329;x; 3 060; 9 839; 2 884; 1 531; 1 353; 850; 503;;;;;;;;;;;;;;;;;;;;;;;;;;;;;;;;;;;;;;;;;;;;;;;;;;;;;;;;;;;;;;;;;;;;;;;;;;;;;;;;;;;;;;;;;;;;;;;;;;;;;;;;;;;;;;;;;;;;;;;;;;;;;;;;;;;;;;;;;;;;;;;;;;;;;;;;;;;;;;;;;;;;;;;;;;;;;;;;;;;;;;;;;;;;;;;;;;;;;;;;;;;;;;;;;;;;;;;;;;;;;;
1993; 9 964,7; 4 800,5; 5 164,2; 2 282 967; 179 135; 1 441 889; 613 697; 339 244; 488 948; 415 861;-;//; 246 082; 4,5; 493; 320; 173;x; 2 043; 760; 855; 259; 596; 232; 364;x; 3 271; 9 786; 2 922; 1 517; 1 405; 892; 513;;;;;;;;;;;;;;;;;;;;;;;;;;;;;;;;;;;;;;;;;;;;;;;;;;;;;;;;;;;;;;;;;;;;;;;;;;;;;;;;;;;;;;;;;;;;;;;;;;;;;;;;;;;;;;;;;;;;;;;;;;;;;;;;;;;;;;;;;;;;;;;;;;;;;;;;;;;;;;;;;;;;;;;;;;;;;;;;;;;;;;;;;;;;;;;;;;;;;;;;;;;;;;;;;;;;;;;;;;;;;;
1994; 9 991,5; 4 813,4; 5 178,1; 2 321 404; 183 298; 1 429 824; 586 034; 343 437; 500 353; 438 300;-;//; 269 982; 4,4; 453; 264; 189;x; 2 075; 669; 817; 239; 578; 222; 356;x; 3 313; 9 639; 3 018; 1 519; 1 499; 975; 524;;;;;;;;;;;;;;;;;;;;;;;;;;;;;;;;;;;;;;;;;;;;;;;;;;;;;;;;;;;;;;;;;;;;;;;;;;;;;;;;;;;;;;;;;;;;;;;;;;;;;;;;;;;;;;;;;;;;;;;;;;;;;;;;;;;;;;;;;;;;;;;;;;;;;;;;;;;;;;;;;;;;;;;;;;;;;;;;;;;;;;;;;;;;;;;;;;;;;;;;;;;;;;;;;;;;;;;;;;;;;;
1995; 10 026,2; 4 830,9; 5 195,2; 2 341 079; 185 088; 1 408 449; 580 483; 321 492; 506 474; 457 194;-;//; 290 348; 4,5; 567; 357; 210;x; 1 820; 590; 740; 205; 535; 189; 346;x; 3 286; 9 495; 2 923; 1 404; 1 519; 996; 523;;;;;;;;;;;;;;;;;;;;;;;;;;;;;;;;;;;;;;;;;;;;;;;;;;;;;;;;;;;;;;;;;;;;;;;;;;;;;;;;;;;;;;;;;;;;;;;;;;;;;;;;;;;;;;;;;;;;;;;;;;;;;;;;;;;;;;;;;;;;;;;;;;;;;;;;;;;;;;;;;;;;;;;;;;;;;;;;;;;;;;;;;;;;;;;;;;;;;;;;;;;;;;;;;;;;;;;;;;;;;;
1996; 10 063,9; 4 850,2; 5 213,7; 2 321 408; 191 023; 1 339 749; 552 724; 315 209; 471 816; 477 221;-;//; 313 415; 4,7; 607; 376; 231;x; 1 951; 579; 811; 211; 600; 206; 394;x; 3 427; 9 438; 2 976; 1 373; 1 603; 1 067; 536;;;;;;;;;;;;;;;;;;;;;;;;;;;;;;;;;;;;;;;;;;;;;;;;;;;;;;;;;;;;;;;;;;;;;;;;;;;;;;;;;;;;;;;;;;;;;;;;;;;;;;;;;;;;;;;;;;;;;;;;;;;;;;;;;;;;;;;;;;;;;;;;;;;;;;;;;;;;;;;;;;;;;;;;;;;;;;;;;;;;;;;;;;;;;;;;;;;;;;;;;;;;;;;;;;;;;;;;;;;;;;
1997; 10 109,0; 4 873,0; 5 236,0; 2 298 570; 200 490; 1 305 723; 538 122; 304 387; 463 214; 458 232;-;//; 334 125; 4,8; 579; 338; 241;x; 1 915; 561; 731; 219; 512; 219; 293;x; 3 799; 9 277; 2 909; 1 320; 1 589; 1 094; 495;;;;;;;;;;;;;;;;;;;;;;;;;;;;;;;;;;;;;;;;;;;;;;;;;;;;;;;;;;;;;;;;;;;;;;;;;;;;;;;;;;;;;;;;;;;;;;;;;;;;;;;;;;;;;;;;;;;;;;;;;;;;;;;;;;;;;;;;;;;;;;;;;;;;;;;;;;;;;;;;;;;;;;;;;;;;;;;;;;;;;;;;;;;;;;;;;;;;;;;;;;;;;;;;;;;;;;;;;;;;;;
1998; 10 160,2; 4 898,8; 5 261,4; 2 281 911; 215 279; 1 276 376; 535 112; 285 088; 456 176; 442 783;-;//; 347 473; 4,8; 719; 418; 301;x; 2 063; 515; 797; 229; 568; 214; 354;x; 4 000; 9 186; 2 982; 1 316; 1 666; 1 132; 534;;;;;;;;;;;;;;;;;;;;;;;;;;;;;;;;;;;;;;;;;;;;;;;;;;;;;;;;;;;;;;;;;;;;;;;;;;;;;;;;;;;;;;;;;;;;;;;;;;;;;;;;;;;;;;;;;;;;;;;;;;;;;;;;;;;;;;;;;;;;;;;;;;;;;;;;;;;;;;;;;;;;;;;;;;;;;;;;;;;;;;;;;;;;;;;;;;;;;;;;;;;;;;;;;;;;;;;;;;;;;;
1999; 10 217,8; 4 928,2; 5 289,7; 2 258 043; 220 775; 1 259 473; 538 273; 281 101; 440 099; 421 005;-;//; 356 790; 4,9; 772; 454; 318; 2 609; 2 148; 560; 832; 247; 585; 228; 357; 14 643; 4 197; 9 059; 2 972; 1 281; 1 691; 1 149; 542;;;;;;;;;;;;;;;;;;;;;;;;;;;;;;;;;;;;;;;;;;;;;;;;;;;;;;;;;;;;;;;;;;;;;;;;;;;;;;;;;;;;;;;;;;;;;;;;;;;;;;;;;;;;;;;;;;;;;;;;;;;;;;;;;;;;;;;;;;;;;;;;;;;;;;;;;;;;;;;;;;;;;;;;;;;;;;;;;;;;;;;;;;;;;;;;;;;;;;;;;;;;;;;;;;;;;;;;;;;;;;
2000; 10 289,9; 4 965,3; 5 324,6; 2 260 745; 228 459; 1 240 836; 539 943; 276 529; 424 364; 417 705;-;//; 373 745; 4,8; 859; 479; 380; 2 610; 2 105; 571; 791; 229; 562; 226; 336; 14 774; 4 469; 9 018; 2 890; 1 238; 1 652; 1 125; 527;;;;;;;;;;;;;;;;;;;;;;;;;;;;;;;;;;;;;;;;;;;;;;;;;;;;;;;;;;;;;;;;;;;;;;;;;;;;;;;;;;;;;;;;;;;;;;;;;;;;;;;;;;;;;;;;;;;;;;;;;;;;;;;;;;;;;;;;;;;;;;;;;;;;;;;;;;;;;;;;;;;;;;;;;;;;;;;;;;;;;;;;;;;;;;;;;;;;;;;;;;;;;;;;;;;;;;;;;;;;;;
2001; 10 362,7; 5 002,9; 5 359,8; 2 260 212; 235 610; 1 223 151; 535 580; 271 793; 415 778; 413 748;-;//; 387 703; 5,0; 909; 504; 405; 2 613; 2 170; 569; 792; 229; 563; 232; 331; 14 541; 4 454; 8 847; 2 842; 1 189; 1 653; 1 125; 528;;;;;;;;;;;;;;;;;;;;;;;;;;;;;;;;;;;;;;;;;;;;;;;;;;;;;;;;;;;;;;;;;;;;;;;;;;;;;;;;;;;;;;;;;;;;;;;;;;;;;;;;;;;;;;;;;;;;;;;;;;;;;;;;;;;;;;;;;;;;;;;;;;;;;;;;;;;;;;;;;;;;;;;;;;;;;;;;;;;;;;;;;;;;;;;;;;;;;;;;;;;;;;;;;;;;;;;;;;;;;;
2002; 10 419,6; 5 028,4; 5 391,3; 2 228 352; 241 288; 1 192 931; 520 211; 270 825; 401 895; 397 532;-;//; 396 601; 5,1; 985; 530; 455; 2 640; 2 181; 569; 808; 230; 578; 233; 345; 14 376; 4 549; 8 773; 2 840; 1 170; 1 670; 1 136; 534;;;;;;;;;;;;;;;;;;;;;;;;;;;;;;;;;;;;;;;;;;;;;;;;;;;;;;;;;;;;;;;;;;;;;;;;;;;;;;;;;;;;;;;;;;;;;;;;;;;;;;;;;;;;;;;;;;;;;;;;;;;;;;;;;;;;;;;;;;;;;;;;;;;;;;;;;;;;;;;;;;;;;;;;;;;;;;;;;;;;;;;;;;;;;;;;;;;;;;;;;;;;;;;;;;;;;;;;;;;;;;
2003; 10 458,8; 5 042,3; 5 416,5; 2 208 991; 247 521; 1 174 412; 508 472; 274 169; 391 771; 385 589; 638;//; 400 831; 4,8; 1 028; 555; 473; 2 554; 2 122; 530; 817; 241; 576; 229; 347; 13 775; 4 566; 8 404; 2 816; 1 155; 1 661; 1 128; 533;;;;;;;;;;;;;;;;;;;;;;;;;;;;;;;;;;;;;;;;;;;;;;;;;;;;;;;;;;;;;;;;;;;;;;;;;;;;;;;;;;;;;;;;;;;;;;;;;;;;;;;;;;;;;;;;;;;;;;;;;;;;;;;;;;;;;;;;;;;;;;;;;;;;;;;;;;;;;;;;;;;;;;;;;;;;;;;;;;;;;;;;;;;;;;;;;;;;;;;;;;;;;;;;;;;;;;;;;;;;;;
2004; 10 483,9; 5 050,5; 5 433,3; 2 198 954; 253 635; 1 166 277; 506 121; 274 123; 386 033; 382 212; 1 767;//; 395 063; 4,7; 1 086; 583; 503; 2 531; 2 099; 515; 822; 243; 579; 236; 343; 13 110; 4 662; 8 160; 2 787; 1 116; 1 671; 1 143; 528;;;;;;;;;;;;;;;;;;;;;;;;;;;;;;;;;;;;;;;;;;;;;;;;;;;;;;;;;;;;;;;;;;;;;;;;;;;;;;;;;;;;;;;;;;;;;;;;;;;;;;;;;;;;;;;;;;;;;;;;;;;;;;;;;;;;;;;;;;;;;;;;;;;;;;;;;;;;;;;;;;;;;;;;;;;;;;;;;;;;;;;;;;;;;;;;;;;;;;;;;;;;;;;;;;;;;;;;;;;;;;
2005; 10 503,3; 5 056,3; 5 447,1; 2 172 853; 259 788; 1 153 057; 504 412; 267 742; 380 903; 376 896; 2 175;//; 380 937; 4,6; 1 199; 613; 586; 2 534; 2 122; 513; 833; 245; 588; 245; 343; 12 313; 4 674; 7 883; 2 609; 899; 1 710; 1 152; 558;;;;;;;;;;;;;;;;;;;;;;;;;;;;;;;;;;;;;;;;;;;;;;;;;;;;;;;;;;;;;;;;;;;;;;;;;;;;;;;;;;;;;;;;;;;;;;;;;;;;;;;;;;;;;;;;;;;;;;;;;;;;;;;;;;;;;;;;;;;;;;;;;;;;;;;;;;;;;;;;;;;;;;;;;;;;;;;;;;;;;;;;;;;;;;;;;;;;;;;;;;;;;;;;;;;;;;;;;;;;;;
2006; 10 522,3; 5 061,6; 5 460,7; 2 124 260; 262 002; 1 145 234; 495 628; 256 252; 393 354; 347 400; 2 312;//; 367 312; 4,4; 1 306; 627; 679; 2 561; 2 142; 523; 867; 247; 620; 275; 345; 12 058; 4 716; 7 711; 2 576; 887; 1 689; 1 163; 526;;;;;;;;;;;;;;;;;;;;;;;;;;;;;;;;;;;;;;;;;;;;;;;;;;;;;;;;;;;;;;;;;;;;;;;;;;;;;;;;;;;;;;;;;;;;;;;;;;;;;;;;;;;;;;;;;;;;;;;;;;;;;;;;;;;;;;;;;;;;;;;;;;;;;;;;;;;;;;;;;;;;;;;;;;;;;;;;;;;;;;;;;;;;;;;;;;;;;;;;;;;;;;;;;;;;;;;;;;;;;;
2007; 10 543,0; 5 067,1; 5 475,9; 2 145 012; 263 887; 1 155 181; 500 823; 255 766; 398 592; 356 711; 2 504;//; 366 729; 4,1; 1 477; 769; 708; 2 587; 2 172; 525; 905; 243; 662; 308; 354; 10 443; 4 684; 6 268; 2 598; 885; 1 713; 1 179; 534;;;;;;;;;;;;;;;;;;;;;;;;;;;;;;;;;;;;;;;;;;;;;;;;;;;;;;;;;;;;;;;;;;;;;;;;;;;;;;;;;;;;;;;;;;;;;;;;;;;;;;;;;;;;;;;;;;;;;;;;;;;;;;;;;;;;;;;;;;;;;;;;;;;;;;;;;;;;;;;;;;;;;;;;;;;;;;;;;;;;;;;;;;;;;;;;;;;;;;;;;;;;;;;;;;;;;;;;;;;;;;
2008; 10 558,2; 5 068,0; 5 490,2; 2 184 871; 266 158; 1 187 184; 498 592; 263 324; 425 268; 349 477; 5 135;//; 376 917; 4,1; 1 534; 756; 778; 2 589; 2 172; 529; 940; 245; 695; 326; 369; 9 767; 4 675; 5 730; 2 633; 902; 1 731; 1 183; 548;;;;;;;;;;;;;;;;;;;;;;;;;;;;;;;;;;;;;;;;;;;;;;;;;;;;;;;;;;;;;;;;;;;;;;;;;;;;;;;;;;;;;;;;;;;;;;;;;;;;;;;;;;;;;;;;;;;;;;;;;;;;;;;;;;;;;;;;;;;;;;;;;;;;;;;;;;;;;;;;;;;;;;;;;;;;;;;;;;;;;;;;;;;;;;;;;;;;;;;;;;;;;;;;;;;;;;;;;;;;;;
2009; 10 568,2; 5 065,0; 5 503,3; 2 435 665; 274 628; 1 283 193; 488 114; 271 924; 523 155; 498 327; 6 515;//; 373 002; 4,8; 1 625; 787; 838; 2 808; 2 390; 562; 964; 253; 711; 338; 373; 9 226; 4 591; 5 303; 2 637; 906; 1 731; 1 177; 554;;;;;;;;;;;;;;;;;;;;;;;;;;;;;;;;;;;;;;;;;;;;;;;;;;;;;;;;;;;;;;;;;;;;;;;;;;;;;;;;;;;;;;;;;;;;;;;;;;;;;;;;;;;;;;;;;;;;;;;;;;;;;;;;;;;;;;;;;;;;;;;;;;;;;;;;;;;;;;;;;;;;;;;;;;;;;;;;;;;;;;;;;;;;;;;;;;;;;;;;;;;;;;;;;;;;;;;;;;;;;;
2010; 10 573,1; 5 058,6; 5 514,5; 2 406 098; 274 387; 1 256 462; 479 519; 273 248; 503 695; 483 982; 7 640;//; 383 627; 4,8; 1 732; 791; 941; 2 880; 2 454; 560; 973; 262; 711; 343; 368; 8 881; 4 520; 5 151; 2 659; 909; 1 750; 1 181; 569;;;;;;;;;;;;;;;;;;;;;;;;;;;;;;;;;;;;;;;;;;;;;;;;;;;;;;;;;;;;;;;;;;;;;;;;;;;;;;;;;;;;;;;;;;;;;;;;;;;;;;;;;;;;;;;;;;;;;;;;;;;;;;;;;;;;;;;;;;;;;;;;;;;;;;;;;;;;;;;;;;;;;;;;;;;;;;;;;;;;;;;;;;;;;;;;;;;;;;;;;;;;;;;;;;;;;;;;;;;;;;
2011; 10 557,6; 5 042,0; 5 515,6; 2 329 401; 276 125; 1 206 716; 464 620; 278 263; 463 833; 440 895; 9 397;//; 396 268; 4,5; 1 866; 838; 1 028; 2 856; 2 433; 556; 984; 266; 718; 347; 371; 8 162; 4 379; 4 665; 2 639; 904; 1 735; 1 169; 566;;;;;;;;;;;;;;;;;;;;;;;;;;;;;;;;;;;;;;;;;;;;;;;;;;;;;;;;;;;;;;;;;;;;;;;;;;;;;;;;;;;;;;;;;;;;;;;;;;;;;;;;;;;;;;;;;;;;;;;;;;;;;;;;;;;;;;;;;;;;;;;;;;;;;;;;;;;;;;;;;;;;;;;;;;;;;;;;;;;;;;;;;;;;;;;;;;;;;;;;;;;;;;;;;;;;;;;;;;;;;;
2012; 10 514,8; 5 013,1; 5 501,8; 2 241 756; 272 547; 1 157 811; 454 003; 266 095; 437 713; 411 238; 9 887;//; 390 273; 3,9; 2 232; 1 023; 1 209; 2 828; 2 404; 554; 987; 268; 719; 345; 374; 7 483; 4 188; 4 437; 2 651; 909; 1 742; 1 169; 573;;;;;;;;;;;;;;;;;;;;;;;;;;;;;;;;;;;;;;;;;;;;;;;;;;;;;;;;;;;;;;;;;;;;;;;;;;;;;;;;;;;;;;;;;;;;;;;;;;;;;;;;;;;;;;;;;;;;;;;;;;;;;;;;;;;;;;;;;;;;;;;;;;;;;;;;;;;;;;;;;;;;;;;;;;;;;;;;;;;;;;;;;;;;;;;;;;;;;;;;;;;;;;;;;;;;;;;;;;;;;;
2013; 10 457,3; 4 976,9; 5 480,4; 2 139 977; 266 666; 1 093 523; 440 378; 252 667; 400 478; 398 447; 10 341;//; 371 000; 4,2; 2 704; 1 229; 1 475; 2 778; 2 362; 546; 970; 269; 701; 323; 378; 7 115; 4 067; 4 203; 2 658; 919; 1 739; 1 164; 575;;;;;;;;;;;;;;;;;;;;;;;;;;;;;;;;;;;;;;;;;;;;;;;;;;;;;;;;;;;;;;;;;;;;;;;;;;;;;;;;;;;;;;;;;;;;;;;;;;;;;;;;;;;;;;;;;;;;;;;;;;;;;;;;;;;;;;;;;;;;;;;;;;;;;;;;;;;;;;;;;;;;;;;;;;;;;;;;;;;;;;;;;;;;;;;;;;;;;;;;;;;;;;;;;;;;;;;;;;;;;;
2014; 10 401,1; 4 940,8; 5 460,2; 2 081 827; 265 414; 1 057 459; 424 284; 249 754; 383 421; 385 210; 11 544;//; 362 200; 4,0; 2 750; 1 283; 1 467; 2 773; 2 367; 537; 959; 264; 695; 314; 381; 6 575; 3 934; 4 108; 2 669; 937; 1 732; 1 155; 577;;;;;;;;;;;;;;;;;;;;;;;;;;;;;;;;;;;;;;;;;;;;;;;;;;;;;;;;;;;;;;;;;;;;;;;;;;;;;;;;;;;;;;;;;;;;;;;;;;;;;;;;;;;;;;;;;;;;;;;;;;;;;;;;;;;;;;;;;;;;;;;;;;;;;;;;;;;;;;;;;;;;;;;;;;;;;;;;;;;;;;;;;;;;;;;;;;;;;;;;;;;;;;;;;;;;;;;;;;;;;;
2015; 10 358,1; 4 912,6; 5 445,5; 2 061 813; 264 660; 1 041 698; 418 145; 238 582; 384 971; 393 618; 12 179;//; 349 658; 3,8; 2 969; 1 382; 1 587; 2 737; 2 348; 522; 976; 271; 705; 327; 378; 6 161; 3 760; 3 832; 2 667; 929; 1 738; 1 154; 584;;;;;;;;;;;;;;;;;;;;;;;;;;;;;;;;;;;;;;;;;;;;;;;;;;;;;;;;;;;;;;;;;;;;;;;;;;;;;;;;;;;;;;;;;;;;;;;;;;;;;;;;;;;;;;;;;;;;;;;;;;;;;;;;;;;;;;;;;;;;;;;;;;;;;;;;;;;;;;;;;;;;;;;;;;;;;;;;;;;;;;;;;;;;;;;;;;;;;;;;;;;;;;;;;;;;;;;;;;;;;;
2016; 10 325,5; 4 892,0; 5 433,5; 2 027 483; 259 850; 1 013 397; 408 041; 230 842; 374 514; 391 538; 6 299;//; 356 399; 3,8;-;-;-; 2 708; 2 312; 518; 996; 277; 719; 340; 379; 6 078; 3 702; 3 796; 2 662; 932; 1 730; 1 146; 584;;;;;;;;;;;;;;;;;;;;;;;;;;;;;;;;;;;;;;;;;;;;;;;;;;;;;;;;;;;;;;;;;;;;;;;;;;;;;;;;;;;;;;;;;;;;;;;;;;;;;;;;;;;;;;;;;;;;;;;;;;;;;;;;;;;;;;;;;;;;;;;;;;;;;;;;;;;;;;;;;;;;;;;;;;;;;;;;;;;;;;;;;;;;;;;;;;;;;;;;;;;;;;;;;;;;;;;;;;;;;;
2017; 10 300,3; 4 875,1; 5 425,2; 2 020 494; 253 959; 1 000 006; 404 010; 225 794; 370 202; 399 775; 4 811;//; 361 943; 3,7;-;-;-; 2 674; 2 286; 517; 988; 272; 716; 335; 381; 5 909; 3 614; 3 691; 2 653; 926; 1 727; 1 143; 584;;;;;;;;;;;;;;;;;;;;;;;;;;;;;;;;;;;;;;;;;;;;;;;;;;;;;;;;;;;;;;;;;;;;;;;;;;;;;;;;;;;;;;;;;;;;;;;;;;;;;;;;;;;;;;;;;;;;;;;;;;;;;;;;;;;;;;;;;;;;;;;;;;;;;;;;;;;;;;;;;;;;;;;;;;;;;;;;;;;;;;;;;;;;;;;;;;;;;;;;;;;;;;;;;;;;;;;;;;;;;;
2018; 10 283,8; 4 860,0; 5 423,8; 2 006 479; 240 231; 987 704; 401 476; 220 184; 366 044; 401 050; 4 741;//; 372 753;(R) 3,6;-;-;-; 2 633; 2 248; 515; 982; 267; 715; 335; 380; 5 836; 3 588; 3 663; 2 645; 923; 1 722; 1 142; 580;;;;;;;;;;;;;;;;;;;;;;;;;;;;;;;;;;;;;;;;;;;;;;;;;;;;;;;;;;;;;;;;;;;;;;;;;;;;;;;;;;;;;;;;;;;;;;;;;;;;;;;;;;;;;;;;;;;;;;;;;;;;;;;;;;;;;;;;;;;;;;;;;;;;;;;;;;;;;;;;;;;;;;;;;;;;;;;;;;;;;;;;;;;;;;;;;;;;;;;;;;;;;;;;;;;;;;;;;;;;;;
2019; 10 286,3; 4 856,2; 5 430,1; 2 003 856; 243 719; 970 229; 393 793; 218 907; 357 529; 399 386; 5 275;//; 385 247;Pro 3,5;-;-;-; 2 632; 2 252; 517; 965; 266; 699; 320; 379; 5 735; 3 540; 3 623; 2 640; 918; 1 722; 1 142; 580;;;;;;;;;;;;;;;;;;;;;;;;;;;;;;;;;;;;;;;;;;;;;;;;;;;;;;;;;;;;;;;;;;;;;;;;;;;;;;;;;;;;;;;;;;;;;;;;;;;;;;;;;;;;;;;;;;;;;;;;;;;;;;;;;;;;;;;;;;;;;;;;;;;;;;;;;;;;;;;;;;;;;;;;;;;;;;;;;;;;;;;;;;;;;;;;;;;;;;;;;;;;;;;;;;;;;;;;;;;;;;
;;;;;;;;;;;;;;;;;;;;;;;;;;;;;;;;;;;;;;;;;;;;;;;;;;;;;;;;;;;;;;;;;;;;;;;;;;;;;;;;;;;;;;;;;;;;;;;;;;;;;;;;;;;;;;;;;;;;;;;;;;;;;;;;;;;;;;;;;;;;;;;;;;;;;;;;;;;;;;;;;;;;;;;;;;;;;;;;;;;;;;;;;;;;;;;;;;;;;;;;;;;;;;;;;;;;;;;;;;;;;;;;;;;;;;;;;;;;;;;;;;;;;;;;;;;;;;;
;;;;;;;;;;;;;;;;;;;;;;;;;;;;;;;;;;;;;;;;;;;;;;;;;;;;;;;;;;;;;;;;;;;;;;;;;;;;;;;;;;;;;;;;;;;;;;;;;;;;;;;;;;;;;;;;;;;;;;;;;;;;;;;;;;;;;;;;;;;;;;;;;;;;;;;;;;;;;;;;;;;;;;;;;;;;;;;;;;;;;;;;;;;;;;;;;;;;;;;;;;;;;;;;;;;;;;;;;;;;;;;;;;;;;;;;;;;;;;;;;;;;;;;;;;;;;;;
População residente, média anual: total e por sexo;;;;Alunos matriculados: total e por nível de ensino;;;;;;;;;;Despesas do Estado em educação: execução orçamental em % do PIB;Doutoramentos realizados em Portugal ou no estrangeiro e reconhecidos por universidades portuguesas: total e por sexo (1970 - 2015);;;Estabelecimentos nos ensinos pré-escolar, básico e secundário privado: total e por nível de ensino;;;;;;;;Estabelecimentos nos ensinos pré-escolar, básico e secundário público: total e por nível de ensino;;;;;;;;;;;;;;;;;;;;;;;;;;;;;;;;;;;;;;;;;;;;;;;;;;;;;;;;;;;;;;;;;;;;;;;;;;;;;;;;;;;;;;;;;;;;;;;;;;;;;;;;;;;;;;;;;;;;;;;;;;;;;;;;;;;;;;;;;;;;;;;;;;;;;;;;;;;;;;;;;;;;;;;;;;;;;;;;;;;;;;;;;;;;;;;;;;;;;;;;;;;;;;;;;;;;;;;;;;;;;;;;;;;;;
Fontes de Dados: INE - Estimativas Anuais da População Residente;;;;Fontes de Dados: DGEEC/ME-MCTES - Recenseamento escolar (Ensino Não Superior) | DIMAS/RAIDES (Ensino Superior);;;;;;;;;;Fontes de Dados: INE - Contas Nacionais Anuais (Base 2016);Fontes de Dados: DGEEC/ME-MCTES - RENATES;;;Fontes de Dados: DGEEC/ME-MCTES - Recenseamento Escolar;;;;;;;;Fontes de Dados: DGEEC/ME-MCTES - Recenseamento Escolar;;;;;;;;;;;;;;;;;;;;;;;;;;;;;;;;;;;;;;;;;;;;;;;;;;;;;;;;;;;;;;;;;;;;;;;;;;;;;;;;;;;;;;;;;;;;;;;;;;;;;;;;;;;;;;;;;;;;;;;;;;;;;;;;;;;;;;;;;;;;;;;;;;;;;;;;;;;;;;;;;;;;;;;;;;;;;;;;;;;;;;;;;;;;;;;;;;;;;;;;;;;;;;;;;;;;;;;;;;;;;;;;;;;;;
Fonte: PORDATA;;;;Fonte: PORDATA;;;;;;;;;;"DGO/MF - Relatório/publicação ""Conta Geral do Estado""";Fonte: PORDATA;;;Fonte: PORDATA;;;;;;;;Fonte: PORDATA;;;;;;;;;;;;;;;;;;;;;;;;;;;;;;;;;;;;;;;;;;;;;;;;;;;;;;;;;;;;;;;;;;;;;;;;;;;;;;;;;;;;;;;;;;;;;;;;;;;;;;;;;;;;;;;;;;;;;;;;;;;;;;;;;;;;;;;;;;;;;;;;;;;;;;;;;;;;;;;;;;;;;;;;;;;;;;;;;;;;;;;;;;;;;;;;;;;;;;;;;;;;;;;;;;;;;;;;;;;;;;;;;;;;;
Última actualização: 2020-06-15;;;;Última actualização: 2020-07-01;;;;;;;;;;Fonte: PORDATA;Última actualização: 2020-01-29;;;Última actualização: 2020-07-01;;;;;;;;Última actualização: 2020-07-01;;;;;;;;;;;;;;;;;;;;;;;;;;;;;;;;;;;;;;;;;;;;;;;;;;;;;;;;;;;;;;;;;;;;;;;;;;;;;;;;;;;;;;;;;;;;;;;;;;;;;;;;;;;;;;;;;;;;;;;;;;;;;;;;;;;;;;;;;;;;;;;;;;;;;;;;;;;;;;;;;;;;;;;;;;;;;;;;;;;;;;;;;;;;;;;;;;;;;;;;;;;;;;;;;;;;;;;;;;;;;;;;;;;;;
;;;;;;;;;;;;;;Última actualização: 2020-09-23;Dados rectificados pela entidade responsável de 2000 a 2013 (02-08-2017);;;;;;;;;;;;;;;;;;;;;;;;;;;;;;;;;;;;;;;;;;;;;;;;;;;;;;;;;;;;;;;;;;;;;;;;;;;;;;;;;;;;;;;;;;;;;;;;;;;;;;;;;;;;;;;;;;;;;;;;;;;;;;;;;;;;;;;;;;;;;;;;;;;;;;;;;;;;;;;;;;;;;;;;;;;;;;;;;;;;;;;;;;;;;;;;;;;;;;;;;;;;;;;;;;;;;;;;;;;;;;;;;;;;;;;;;;;;;;;;
;;;;;;;;;;;;;;;;;;;;;;;;;;;;;;;;;;;;;;;;;;;;;;;;;;;;;;;;;;;;;;;;;;;;;;;;;;;;;;;;;;;;;;;;;;;;;;;;;;;;;;;;;;;;;;;;;;;;;;;;;;;;;;;;;;;;;;;;;;;;;;;;;;;;;;;;;;;;;;;;;;;;;;;;;;;;;;;;;;;;;;;;;;;;;;;;;;;;;;;;;;;;;;;;;;;;;;;;;;;;;;;;;;;;;;;;;;;;;;;;;;;;;;;;;;;;;;;
;;;;;;;;;;;;;;;;;;;;;;;;;;;;;;;;;;;;;;;;;;;;;;;;;;;;;;;;;;;;;;;;;;;;;;;;;;;;;;;;;;;;;;;;;;;;;;;;;;;;;;;;;;;;;;;;;;;;;;;;;;;;;;;;;;;;;;;;;;;;;;;;;;;;;;;;;;;;;;;;;;;;;;;;;;;;;;;;;;;;;;;;;;;;;;;;;;;;;;;;;;;;;;;;;;;;;;;;;;;;;;;;;;;;;;;;;;;;;;;;;;;;;;;;;;;;;;;
Simbologia;;;;;;;;;;;;;;;;;;;;;;;;;;;;;;;;;;;;;;;;;;;;;;;;;;;;;;;;;;;;;;;;;;;;;;;;;;;;;;;;;;;;;;;;;;;;;;;;;;;;;;;;;;;;;;;;;;;;;;;;;;;;;;;;;;;;;;;;;;;;;;;;;;;;;;;;;;;;;;;;;;;;;;;;;;;;;;;;;;;;;;;;;;;;;;;;;;;;;;;;;;;;;;;;;;;;;;;;;;;;;;;;;;;;;;;;;;;;;;;;;;;;;;;;;;;;;;;
┴;Quebra de série;Pro;Valor provisório;Pre;Valor preliminar;;;;;;;;;;;;;;;;;;;;;;;;;;;;;;;;;;;;;;;;;;;;;;;;;;;;;;;;;;;;;;;;;;;;;;;;;;;;;;;;;;;;;;;;;;;;;;;;;;;;;;;;;;;;;;;;;;;;;;;;;;;;;;;;;;;;;;;;;;;;;;;;;;;;;;;;;;;;;;;;;;;;;;;;;;;;;;;;;;;;;;;;;;;;;;;;;;;;;;;;;;;;;;;;;;;;;;;;;;;;;;;;;;;;;;;;;;;;;;;;;;;;;;;;;;
...;Confidencial;x;Valor não disponível;e;Dado inferior a metade do módulo da unidade utilizada;;;;;;;;;;;;;;;;;;;;;;;;;;;;;;;;;;;;;;;;;;;;;;;;;;;;;;;;;;;;;;;;;;;;;;;;;;;;;;;;;;;;;;;;;;;;;;;;;;;;;;;;;;;;;;;;;;;;;;;;;;;;;;;;;;;;;;;;;;;;;;;;;;;;;;;;;;;;;;;;;;;;;;;;;;;;;;;;;;;;;;;;;;;;;;;;;;;;;;;;;;;;;;;;;;;;;;;;;;;;;;;;;;;;;;;;;;;;;;;;;;;;;;;;;;
//;Não aplicável;f;Valor previsto;§;Dado com coeficiente de variação elevado;;;;;;;;;;;;;;;;;;;;;;;;;;;;;;;;;;;;;;;;;;;;;;;;;;;;;;;;;;;;;;;;;;;;;;;;;;;;;;;;;;;;;;;;;;;;;;;;;;;;;;;;;;;;;;;;;;;;;;;;;;;;;;;;;;;;;;;;;;;;;;;;;;;;;;;;;;;;;;;;;;;;;;;;;;;;;;;;;;;;;;;;;;;;;;;;;;;;;;;;;;;;;;;;;;;;;;;;;;;;;;;;;;;;;;;;;;;;;;;;;;;;;;;;;;
-;Ausência de valor;Rv;Valor revisto;(R);Dados rectificados pela entidade responsável;;;;;;;;;;;;;;;;;;;;;;;;;;;;;;;;;;;;;;;;;;;;;;;;;;;;;;;;;;;;;;;;;;;;;;;;;;;;;;;;;;;;;;;;;;;;;;;;;;;;;;;;;;;;;;;;;;;;;;;;;;;;;;;;;;;;;;;;;;;;;;;;;;;;;;;;;;;;;;;;;;;;;;;;;;;;;;;;;;;;;;;;;;;;;;;;;;;;;;;;;;;;;;;;;;;;;;;;;;;;;;;;;;;;;;;;;;;;;;;;;;;;;;;;;;
;;;;;;;;;;;;;;;;;;;;;;;;;;;;;;;;;;;;;;;;;;;;;;;;;;;;;;;;;;;;;;;;;;;;;;;;;;;;;;;;;;;;;;;;;;;;;;;;;;;;;;;;;;;;;;;;;;;;;;;;;;;;;;;;;;;;;;;;;;;;;;;;;;;;;;;;;;;;;;;;;;;;;;;;;;;;;;;;;;;;;;;;;;;;;;;;;;;;;;;;;;;;;;;;;;;;;;;;;;;;;;;;;;;;;;;;;;;;;;;;;;;;;;;;;;;;;;;
;;;;;;;;;;;;;;;;;;;;;;;;;;;;;;;;;;;;;;;;;;;;;;;;;;;;;;;;;;;;;;;;;;;;;;;;;;;;;;;;;;;;;;;;;;;;;;;;;;;;;;;;;;;;;;;;;;;;;;;;;;;;;;;;;;;;;;;;;;;;;;;;;;;;;;;;;;;;;;;;;;;;;;;;;;;;;;;;;;;;;;;;;;;;;;;;;;;;;;;;;;;;;;;;;;;;;;;;;;;;;;;;;;;;;;;;;;;;;;;;;;;;;;;;;;;;;;;
;;;;;;;;;;;;;;;;;;;;;;;;;;;;;;;;;;;;;;;;;;;;;;;;;;;;;;;;;;;;;;;;;;;;;;;;;;;;;;;;;;;;;;;;;;;;;;;;;;;;;;;;;;;;;;;;;;;;;;;;;;;;;;;;;;;;;;;;;;;;;;;;;;;;;;;;;;;;;;;;;;;;;;;;;;;;;;;;;;;;;;;;;;;;;;;;;;;;;;;;;;;;;;;;;;;;;;;;;;;;;;;;;;;;;;;;;;;;;;;;;;;;;;;;;;;;;;;
;;;;;;;;;;;;;;;;;;;;;;;;;;;;;;;;;;;;;;;;;;;;;;;;;;;;;;;;;;;;;;;;;;;;;;;;;;;;;;;;;;;;;;;;;;;;;;;;;;;;;;;;;;;;;;;;;;;;;;;;;;;;;;;;;;;;;;;;;;;;;;;;;;;;;;;;;;;;;;;;;;;;;;;;;;;;;;;;;;;;;;;;;;;;;;;;;;;;;;;;;;;;;;;;;;;;;;;;;;;;;;;;;;;;;;;;;;;;;;;;;;;;;;;;;;;;;;;
Dados obtidos em https:www.pordata.pt a 10-12-2020;;;;;;;;;;;;;;;;;;;;;;;;;;;;;;;;;;;;;;;;;;;;;;;;;;;;;;;;;;;;;;;;;;;;;;;;;;;;;;;;;;;;;;;;;;;;;;;;;;;;;;;;;;;;;;;;;;;;;;;;;;;;;;;;;;;;;;;;;;;;;;;;;;;;;;;;;;;;;;;;;;;;;;;;;;;;;;;;;;;;;;;;;;;;;;;;;;;;;;;;;;;;;;;;;;;;;;;;;;;;;;;;;;;;;;;;;;;;;;;;;;;;;;;;;;;;;;;
;;;;;;;;;;;;;;;;;;;;;;;;;;;;;;;;;;;;;;;;;;;;;;;;;;;;;;;;;;;;;;;;;;;;;;;;;;;;;;;;;;;;;;;;;;;;;;;;;;;;;;;;;;;;;;;;;;;;;;;;;;;;;;;;;;;;;;;;;;;;;;;;;;;;;;;;;;;;;;;;;;;;;;;;;;;;;;;;;;;;;;;;;;;;;;;;;;;;;;;;;;;;;;;;;;;;;;;;;;;;;;;;;;;;;;;;;;;;;;;;;;;;;;;;;;;;;;;
 ; ; ; ; ; ; ; ; ; ; ; ; ; ; ; ; ; ; ; ; ; ; ; ; ; ; ; ; ; ; ; ; ; ; ; ; ; ; ; ; ; ; ; ; ; ; ; ; ; ; ; ; ; ; ; ; ; ; ; ; ; ; ; ; ; ; ; ; ; ; ; ; ; ; ; ; ; ; ; ; ; ; ; ; ; ; ; ; ; ; ; ; ; ; ; ; ; ; ; ; ; ; ; ; ; ; ; ; ; ; ; ; ; ; ; ; ; ; ; ; ; ; ; ; ; ; ; ; ; ; ; ; ; ; ; ; ; ; ; ; ; ; ; ; ; ; ; ; ; ; ; ; ; ; ; ; ; ; ; ; ; ; ; ; ; ; ; ; ; ; ; ; ; ; ; ; ; ; ; ; ; ; ; ; ; ; ; ; ; ; ; ; ; ; ; ; ; ; ; ; ; ; ; ; ; ; ; ; ; ; ; ; ; ; ; ; ; ; ; ; ; ; ; ; ; ; ; ; ; ; ; ; ; ; ; ; ; ; ; ; ; ; ; ; ; ; ; ; ; ; ; ; ; ; ; 
